FirstName,gender,genderProbability,country,countryProbability
Nunkib,unknown,0,unknown,1
Jarena,female,1,SK,0.231
Ronna,female,1,PH,0.394
Jilly,female,0.93,GB,0.126
Heremy,female,1,GT,0.592
Ants,male,0.93,EW,0.57
Panzel,unknown,0,DE,0.517
Auvair,unknown,0,unknown,1
Byront,male,1,PH,0.827
Cruis,male,0.88,CM,0.141
Shanie,female,0.99,PH,0.094
Wifel,unknown,0,DE,0.946
Ainoxa,unknown,0,unknown,1
Lyne,female,0.99,CA,0.278
Mintard,unknown,0,unknown,1
Halesh,male,1,IN,0.504
Adamy,male,0.88,PY,0.129
Gimpus,unknown,0,unknown,1
Vane,female,0.64,ES,0.165
Tinez,male,0.96,CM,0.199
Hezenif,unknown,0,unknown,1
Sony,male,0.63,ID,0.112
Thabih,unknown,0,IQ,0.707
Hion,female,0.6,EW,0.171
Minoton,female,0.5,MQ,0.612
Tabih,unknown,0,CM,0.687
Deandy,male,1,BZ,0.492
Anchird,unknown,0,unknown,1
Ockies,unknown,0,unknown,1
Landa,female,0.95,MX,0.157
Feryla,unknown,0,unknown,1
Sony,male,0.63,ID,0.112
Anae,female,0.97,NZ,0.367
Eet,male,0.65,AR,0.144
Camina,female,0.8,PH,0.151
Dilatik,unknown,0,unknown,1
Bants,male,1,GA,0.239
Harlen,male,0.98,NZ,0.185
Pefox,male,1,unknown,1
Holey,male,1,IN,0.209
Terek,male,0.98,RS,0.229
Jone,male,0.66,FJ,0.136
Chard,male,0.99,GB,0.122
Puffes,unknown,0,unknown,1
Samany,female,0.82,IR,0.353
Sharie,female,1,PH,0.21
Joyces,female,0.94,CI,0.115
Eles,male,0.77,HU,0.179
Ankalik,unknown,0,unknown,1
Robyny,male,1,unknown,1
Stevey,male,0.92,GB,0.178
Glorey,female,1,BZ,0.588
Arrain,unknown,0,PK,0.74
Wealke,unknown,0,unknown,1
Eduana,female,1,AO,0.299
Delley,male,0.57,CH,0.847
Verney,male,0.94,FR,0.163
Solaron,unknown,0,EG,0.982
Bel,male,0.51,TN,0.193
Almary,female,0.83,VE,0.401
Toniel,male,0.6,GH,0.323
Bethy,female,1,EC,0.143
Izares,female,1,EC,0.641
Therie,female,0.88,PH,0.141
Alrair,unknown,0,SY,0.909
Enrie,male,0.67,PH,0.424
Melice,female,0.85,MZ,0.158
Triple,male,0.9,NG,0.077
Nelly,female,0.98,EC,0.062
Treynx,unknown,0,unknown,1
Leahy,female,0.57,IE,0.661
Nichad,male,1,MG,0.819
Colly,female,0.57,SN,0.121
Nelle,female,0.96,CM,0.146
Alrais,male,1,AE,0.487
Sterry,female,0.5,GB,0.304
Schird,unknown,0,unknown,1
Debora,female,1,BR,0.144
Kie,male,0.56,JP,0.2
Kelle,female,0.76,BR,0.166
Flyros,unknown,0,unknown,1
Kies,male,0.71,DZ,0.158
Robyna,female,1,IT,0.253
Aarjel,unknown,0,unknown,1
Errim,female,1,MA,0.947
Sinon,male,0.89,SC,0.298
Batares,unknown,0,unknown,1
Bralino,unknown,0,GR,0.862
Kaboson,unknown,0,NG,1
Geons,male,0.67,GR,0.498
Lesaten,unknown,0,unknown,1
Apsps,unknown,0,unknown,1
Lison,female,0.92,BE,0.222
Elebola,unknown,0,unknown,1
Mulk,male,0.67,PK,0.395
Tanley,female,0.96,HK,0.332
Billya,male,0.6,BJ,0.366
Oatch,unknown,0,unknown,1
Cus,male,0.81,BZ,0.105
Monard,male,0.74,BE,0.219
Fayene,female,1,CH,0.9
Leony,female,0.8,PH,0.166
Verney,male,0.94,FR,0.163
Mard,male,0.94,IR,0.156
Verek,male,1,TN,0.431
Astrah,male,1,PK,0.775
Rhonya,unknown,0,US,1
Triple,male,0.9,NG,0.077
Tancis,male,1,GT,0.784
Quarke,unknown,0,unknown,1
Lorian,female,0.88,RO,0.071
Muffs,female,0.5,ZW,0.68
Gillie,female,0.64,GB,0.158
Aliedy,unknown,0,unknown,1
Allena,female,0.99,PH,0.079
Loise,female,0.94,KE,0.719
Kaye,female,0.93,NZ,0.174
Dabiton,unknown,0,FR,1
Marazha,unknown,0,unknown,1
Majorab,unknown,0,unknown,1
Evane,female,0.63,CI,0.192
Ireen,female,1,ZM,0.3
Ionons,unknown,0,unknown,1
Jodye,female,1,BO,0.302
Terope,unknown,0,unknown,1
Jurbet,unknown,0,unknown,1
Willy,male,0.95,BE,0.09
Bobara,male,0.83,SI,0.364
Clard,male,0.75,SN,0.48
Gracia,female,0.99,ES,0.136
Gwenda,female,0.99,NZ,0.212
Pamiea,unknown,0,unknown,1
Denis,male,0.97,RU,0.085
Blancy,female,0.67,VE,0.199
Jonaye,female,0.95,NZ,0.52
Racyle,male,1,IN,0.771
Kell,male,0.85,DK,0.157
Franda,female,0.9,HK,0.191
Dianya,female,1,VE,0.487
Sony,male,0.63,ID,0.112
Colle,female,0.59,BE,0.237
Stenny,female,0.52,MG,0.277
Croo,male,0.78,BE,0.232
Racy,female,0.92,CN,0.135
Baton,male,0.89,BE,0.137
Aldeba,male,1,SQ,0.658
Ceros,male,0.57,PH,0.283
Gluinom,unknown,0,unknown,1
Keidus,unknown,0,unknown,1
Henryn,male,1,NG,0.3
Evenna,female,1,NL,0.317
Ton,male,0.99,NL,0.409
Bubbix,unknown,0,unknown,1
Greggy,male,0.97,PH,0.501
Juanna,female,0.99,MY,0.094
Lillia,female,0.99,DZ,0.185
Jerrye,female,0.98,HK,0.208
Giebara,unknown,0,unknown,1
Regana,female,1,PH,0.192
Weslie,male,0.71,HK,0.098
Briney,female,1,US,0.385
Algork,unknown,0,unknown,1
Alhain,male,1,CI,0.512
Chees,male,0.75,AT,0.119
Genee,female,0.99,NL,0.138
Stevey,male,0.92,GB,0.178
Andary,female,0.83,LB,0.61
Kayd,male,0.98,SO,0.166
Altara,female,1,EG,0.26
Sabi,female,0.76,DZ,0.137
Violan,male,0.6,PH,0.429
Lelah,female,1,EG,0.142
Losp,female,1,CH,0.55
Frouse,unknown,0,LK,0.963
Tine,female,0.97,DK,0.379
Guink,unknown,0,unknown,1
Janney,female,0.99,CN,0.206
Ianne,female,0.89,PH,0.449
Tonald,male,0.8,AZ,0.149
Sweal,male,1,PK,0.768
Ellene,female,1,PH,0.143
Keithy,male,0.58,PA,0.237
Naish,male,0.82,NZ,0.217
Fery,male,0.86,ID,0.523
Alraia,unknown,0,IQ,0.676
Lynney,female,1,CN,0.355
Dary,male,0.53,CO,0.133
Apple,female,0.95,TH,0.144
Sitron,male,0.8,MQ,0.394
Beula,female,0.99,MZ,0.283
Karena,female,1,NZ,0.211
Dorah,female,1,UG,0.266
Raston,male,1,TZ,0.265
Unch,female,1,TH,0.48
Willah,female,0.71,MG,0.153
Conth,male,1,JP,0.488
Sabiton,unknown,0,unknown,1
Walla,male,0.63,TG,0.11
Chios,male,0.75,GR,0.867
Basps,unknown,0,unknown,1
Bland,male,0.89,GB,0.192
Sanney,male,0.71,HK,0.17
Tabik,male,1,ET,0.147
Rail,male,0.95,RU,0.263
Sadine,female,0.92,TN,0.224
Man,male,0.89,HK,0.284
Winia,female,0.59,NL,0.306
Idary,female,1,HN,0.435
Jodip,unknown,0,unknown,1
Eulahy,unknown,0,unknown,1
Letty,female,1,EC,0.154
Cheliak,unknown,0,UA,0.702
Harvin,male,0.91,NI,0.359
Eggers,male,0.75,DE,0.287
Sharie,female,1,PH,0.21
Philia,female,0.89,HK,0.112
Loresa,female,1,AL,0.425
Bet,female,0.83,DZ,0.061
Neutrak,unknown,0,unknown,1
Taura,female,0.97,JP,0.183
Oafron,unknown,0,unknown,1
Froon,male,1,NL,0.635
Elly,female,0.98,NL,0.181
Stra,male,0.78,GR,0.183
Aspica,unknown,0,unknown,1
Poselk,unknown,0,unknown,1
Tachir,male,1,LT,0.297
Ellie,female,1,GB,0.188
Chelly,female,0.93,TN,0.556
Aliey,male,1,MY,0.309
Atrinon,unknown,0,unknown,1
Bobbyn,unknown,0,PH,0.52
Mareson,unknown,0,PH,0.397
Sterfik,male,1,unknown,1
Therry,male,0.75,BE,0.103
Annon,male,0.95,LK,0.159
Poot,male,0.61,MX,0.398
Delley,male,0.57,CH,0.847
Benew,male,1,SN,0.576
Astab,unknown,0,CH,0.504
Tops,male,0.84,BE,0.223
Cherrak,male,0.75,DZ,0.751
Rankie,male,0.75,HK,0.353
Coreen,female,1,ZA,0.125
Eulahy,unknown,0,unknown,1
Toat,male,1,ID,0.66
Alar,male,0.97,TR,0.62
Algork,unknown,0,unknown,1
Becca,female,1,GB,0.142
Cupers,male,1,BE,0.827
Rica,female,0.96,CR,0.392
Arla,female,0.99,FI,0.223
Fomalik,unknown,0,unknown,1
Chex,male,0.85,GT,0.528
Antinon,unknown,0,NZ,0.783
Tancis,male,1,GT,0.784
Ashelik,unknown,0,US,1
Chon,male,0.85,TH,0.139
Terops,unknown,0,unknown,1
Wasatan,unknown,0,unknown,1
Eang,female,0.53,KH,0.849
Stelly,female,0.92,US,0.108
Gollux,unknown,0,unknown,1
Skatik,unknown,0,unknown,1
Danie,male,0.54,ZA,0.455
Boats,male,1,GR,0.916
Duhrk,unknown,0,unknown,1
Dorey,male,0.51,CA,0.204
Axinon,unknown,0,unknown,1
Weidus,unknown,0,US,1
Shood,female,0.56,SA,0.465
Janney,female,0.99,CN,0.206
Lesley,female,0.9,GB,0.178
Cheratz,unknown,0,unknown,1
Grohs,male,0.67,AT,0.416
Herina,female,1,ID,0.198
Varkes,male,1,UY,0.57
Jonard,male,0.99,PH,0.588
Dia,female,0.67,SN,0.526
Yogark,unknown,0,unknown,1
Franda,female,0.9,HK,0.191
Puffs,male,1,PT,0.273
Weias,unknown,0,TW,0.92
Ech,male,0.68,CZ,0.504
Sus,female,0.79,DK,0.221
Rena,female,0.99,GR,0.19
Carita,female,0.98,FI,0.625
Emmax,male,0.5,NG,0.354
Forn,male,0.67,CR,0.25
Davis,male,0.96,US,0.144
Jackix,female,1,HK,0.661
Elinda,female,1,AL,0.222
Caseya,unknown,0,ID,0.937
Furus,female,1,HU,0.545
Jessa,female,1,PH,0.702
Alaton,unknown,0,IL,0.391
Joela,female,0.98,MG,0.125
Vivers,unknown,0,AU,0.461
Idacey,unknown,0,unknown,1
Louisa,female,1,HK,0.105
Gailya,female,1,KE,0.688
Agnesa,female,0.98,SK,0.249
Wasalm,unknown,0,unknown,1
Elene,female,0.99,GE,0.374
Keitha,female,0.99,NZ,0.148
Chelsa,female,1,SQ,0.113
Pattie,female,1,US,0.186
Mariton,female,0.57,FR,0.248
Alcoran,male,1,PH,0.664
Wheals,unknown,0,AU,0.324
Nelley,female,0.78,NZ,0.517
Tyog,unknown,0,unknown,1
Canonon,unknown,0,unknown,1
Luise,female,0.92,DE,0.213
Lerion,unknown,0,PH,0.49
Leen,female,0.96,BE,0.336
Rayley,female,0.72,MY,0.277
Stenny,female,0.52,MG,0.277
Tabdhib,unknown,0,unknown,1
Lynnie,female,0.98,PH,0.145
Lesley,female,0.9,GB,0.178
Bettie,female,1,ZA,0.19
Mamina,female,0.87,SN,0.204
Annah,female,1,ZA,0.182
Mondax,female,1,unknown,1
Genubik,unknown,0,unknown,1
Lestie,female,0.98,PH,0.252
Regana,female,1,PH,0.192
Hekaron,unknown,0,unknown,1
Dennie,male,0.89,NL,0.261
Clus,male,0.89,BI,0.195
Karene,female,0.99,JM,0.168
Ivanne,female,0.75,CI,0.206
Thell,male,0.99,SE,0.619
Coley,male,0.74,JM,0.334
Coreee,unknown,0,CN,0.8
Weney,male,1,TW,0.304
Racyle,male,1,IN,0.771
Colf,male,0.63,RO,0.324
Bel,male,0.51,TN,0.193
Coos,male,0.8,NL,0.559
Oalls,unknown,0,unknown,1
Dsch,male,0.67,DE,0.281
Sheratz,male,1,unknown,1
Raston,male,1,TZ,0.265
Kell,male,0.85,DK,0.157
Ebonyd,unknown,0,unknown,1
Dwin,male,0.89,ID,0.171
Almino,male,0.86,BR,0.457
Izaron,unknown,0,unknown,1
Chesty,male,0.71,ID,0.106
Sarino,male,0.95,PH,0.429
Kaye,female,0.93,NZ,0.174
Alballa,unknown,0,SD,0.56
Ricia,female,0.98,PH,0.144
Andyn,male,0.96,ID,0.365
Aard,male,0.96,NL,0.638
Mela,female,0.96,ID,0.069
Coreee,unknown,0,CN,0.8
Betenar,unknown,0,unknown,1
Lerion,unknown,0,PH,0.49
Lorian,female,0.88,RO,0.071
Bats,male,0.91,NL,0.151
Weet,male,0.62,NL,0.618
Nadie,female,0.65,ES,0.218
Wine,male,0.57,MM,0.24
Aps,male,0.76,DK,0.166
Aarone,male,1,UG,0.195
Kimena,female,0.89,ZM,0.491
Alcorix,unknown,0,unknown,1
Adriet,male,1,BO,0.551
Wimps,male,1,BE,0.368
Jodia,female,0.99,MA,0.201
Tyrony,unknown,0,unknown,1
Leria,female,0.91,PH,0.097
Elson,male,1,BR,0.109
Ionium,male,1,unknown,1
Muonon,unknown,0,unknown,1
Mins,male,0.69,KR,0.452
Aino,female,0.98,FI,0.807
Murs,male,0.69,EW,0.121
Azhah,unknown,0,unknown,1
Toniel,male,0.6,GH,0.323
Jeron,male,1,PH,0.134
Grasath,unknown,0,unknown,1
Jerek,male,1,TG,0.288
Fles,male,0.64,NL,0.328
Harrie,male,0.95,NL,0.784
Krab,male,0.73,DK,0.319
Asteron,male,1,NZ,0.521
Alramak,unknown,0,unknown,1
Morrie,male,0.99,NZ,0.167
Helean,female,1,AU,0.167
Anda,female,0.94,RO,0.342
Verney,male,0.94,FR,0.163
Shanya,female,0.99,LK,0.141
Oraryn,unknown,0,unknown,1
Resers,unknown,0,SK,0.99
Jessa,female,1,PH,0.702
Joanry,unknown,0,PH,0.805
Elsane,unknown,0,ZA,0.954
Enibah,unknown,0,unknown,1
Katen,female,0.95,NL,0.154
Deany,male,0.71,ID,0.1
Aliey,male,1,MY,0.309
Ianya,female,1,RO,0.883
Velyne,female,0.98,FR,0.366
Graw,male,1,DE,0.336
Stald,unknown,0,DK,0.904
Eriky,male,0.72,JP,0.223
Hary,male,0.96,ID,0.274
Lillia,female,0.99,DZ,0.185
Kabiton,unknown,0,unknown,1
Hanne,female,0.99,DK,0.549
Gluebah,unknown,0,unknown,1
Artis,male,0.96,LV,0.708
Teron,male,0.99,IN,0.097
Dandy,male,0.88,ID,0.119
Racily,unknown,0,unknown,1
Teryla,unknown,0,unknown,1
Neila,female,1,TN,0.411
Nusakab,unknown,0,unknown,1
Jacks,male,0.95,GB,0.055
Torms,male,1,HU,0.563
Elfs,female,1,GR,0.433
Lers,male,0.87,TH,0.266
Beres,male,0.63,HU,0.201
Hyaduma,unknown,0,unknown,1
Terope,unknown,0,unknown,1
Diandy,male,0.7,SN,0.963
Tany,female,0.88,RU,0.066
Canonon,unknown,0,unknown,1
Tonyan,male,0.75,AM,0.523
Adanne,female,0.78,NG,0.432
Tark,male,0.97,TR,0.722
Elfs,female,1,GR,0.433
Capies,male,1,NA,0.87
Eulah,female,0.99,TT,0.176
Felice,male,0.92,IT,0.376
Halsham,unknown,0,PE,0.885
Shelle,female,0.98,NG,0.158
Arllia,unknown,0,unknown,1
Dessie,female,0.6,ET,0.559
Atonon,unknown,0,GH,0.5
Diram,female,0.5,DZ,0.376
Muonons,unknown,0,unknown,1
Carry,female,0.81,CN,0.162
Wimps,male,1,BE,0.368
Lavey,female,0.55,US,0.102
Lus,male,0.86,PT,0.616
Naslon,unknown,0,unknown,1
Moth,male,0.73,DK,0.24
Carly,female,0.99,AU,0.176
Tera,female,0.98,US,0.069
Helly,female,0.94,IL,0.08
Guyl,female,0.69,CM,0.165
Dorie,female,0.96,PH,0.2
Vegas,male,0.86,VE,0.397
Errim,female,1,MA,0.947
Mediah,female,0.5,ZW,0.553
Lies,female,0.83,BE,0.426
Dawne,female,1,CA,0.193
Mardyon,unknown,0,unknown,1
Mistie,female,1,US,0.369
Nelly,female,0.98,EC,0.062
Munda,male,0.68,SI,0.181
Dia,female,0.67,SN,0.526
Edgary,male,1,VE,0.751
Croo,male,0.78,BE,0.232
Ales,male,0.96,SI,0.418
Marfar,male,1,AR,0.798
Dynx,male,0.67,SQ,0.523
Mites,male,0.6,EC,0.652
Bobbyn,unknown,0,PH,0.52
Glueba,unknown,0,unknown,1
Azhasim,unknown,0,unknown,1
Stmeal,unknown,0,unknown,1
Ninald,unknown,0,unknown,1
Thab,male,0.91,KH,0.153
Thell,male,0.99,SE,0.619
Sadra,female,0.87,IR,0.725
Arlen,male,0.66,NI,0.423
Sabi,female,0.76,DZ,0.137
Saleh,male,0.99,SA,0.185
Gordo,male,0.96,ES,0.135
Weia,male,0.67,AO,0.685
Dunch,male,1,DK,0.611
Nance,female,0.93,US,0.303
Dwin,male,0.89,ID,0.171
Loree,female,0.99,CA,0.198
,unknown,0,unknown,1